{"cameraMode":{"drawMode":0,"name":"Shaded","section":"Shading Mode"},"sceneLighting":true,"audioPlay":false,"sceneViewState":{"m_AlwaysRefresh":false,"showFog":true,"showSkybox":true,"showFlares":true,"showImageEffects":true,"showParticleSystems":true,"showVisualEffectGraphs":true,"m_FxEnabled":true},"in2DMode":false,"pivot":{"x":2.3404009342193605,"y":-1.7842442989349366,"z":-1.0171325206756592},"rotation":{"x":0.24363039433956147,"y":-0.146291121840477,"z":0.03720696642994881,"w":0.9581412076950073},"size":12.594301223754883,"orthographic":true}